{
  "artifact_schema_version": "ml-linear-artifact-v1",
  "model_version": "m10-reality460-logreg-1.0",
  "threshold_config_version": "thr-reality460-oof-recall70-v1",
  "dataset_version": "v59-empty-program-students:73274079:epu-1",
  "source_snapshot_sha256": "34a53298df3dafd4d248496e75fbc10d95f997b76d0a7e6566e04ea97c367c66",
  "training_package_sha256": "73274079b30487f066cb2e1751c7ec70e2737ff794d6ae76e3e26ec4cf86df24",
  "label_rule_version": "gt-epu-status-after-t2-v1",
  "feature_cutoff": "2022-2023-T2",
  "feature_set": "A",
  "feature_order": [
    "latest_term_gpa",
    "failed_credits_log1p"
  ],
  "transforms": {
    "latest_term_gpa": "identity",
    "failed_credits_log1p": "log1p"
  },
  "means": {
    "latest_term_gpa": 6.660150988142297,
    "failed_credits_log1p": 0.6564484011942472
  },
  "scales": {
    "latest_term_gpa": 1.175831309481363,
    "failed_credits_log1p": 0.9790412997184278
  },
  "coefficients": {
    "latest_term_gpa": -0.31283716088607316,
    "failed_credits_log1p": 0.28206241450806807
  },
  "intercept": -0.9093025416928436,
  "regularization_c": 0.01,
  "random_seed": 20260719,
  "tau_case": 0.46559848023232425,
  "tau_high": 0.5502363412821223,
  "promoted": true,
  "aggregate_metrics": {
    "n_students": 460.0,
    "n_positive": 46.0,
    "n_negative": 414.0,
    "oof_average_precision": 0.7950794303358967,
    "oof_brier": 0.09253641233902478,
    "oof_tp": 33.0,
    "oof_fp": 16.0,
    "oof_tn": 398.0,
    "oof_fn": 13.0,
    "oof_precision": 0.673469387755102,
    "oof_recall": 0.717391304347826,
    "oof_fpr": 0.03864734299516908,
    "oof_selection_rate": 0.10652173913043478,
    "coefficient_sign_stability": 1.0,
    "precision_ci_low": 0.5399615384615385,
    "precision_ci_high": 0.8,
    "recall_ci_low": 0.5833333333333334,
    "recall_ci_high": 0.851063829787234,
    "fpr_ci_low": 0.02173651755852843,
    "fpr_ci_high": 0.05811138014527845
  },
  "limitations": [
    "grade_only_model",
    "two_term_history"
  ],
  "artifact_sha256": "099265d2d7917014d7622685bf7fbe06a50cd41d726746d805a01ffb4b19febe"
}
